Sample_ID,SLC12A5_1_methylation_rate_ave,SLC12A5_2_methylation_rate_ave,SLC12A5_3_methylation_rate_ave,SLC12A5_4_methylation_rate_ave,POU4F2_1_methylation_rate_ave,POU4F2_2_methylation_rate_ave,POU4F2_3_methylation_rate_ave,POU4F2_4_methylation_rate_ave,VGF_1_methylation_rate_ave,VGF_2_methylation_rate_ave,VGF_3_methylation_rate_ave,SCGN_1_methylation_rate_ave,SCGN_2_methylation_rate_ave
Bear_A,1.752902332,1.548240739,1.45909309,1.613422309,1.052516835,1.309158141,1.640087633,2.258100778,2.764408409,2.568276007,2.150011987,1.350255918,1.95593713
Bear_B,0.865282528,0.668208291,0.620021727,0.64623148,0.661198846,1.02978573,0.976621828,1.374252182,0.617134069,0.33480414,1.009295322,1.15686804,0.567310086
